Timestamp,PSVersion
2025-05-18 22:00:32,7.5.1
2025-05-18 22:04:35,7.5.1
2025-05-18 22:05:06,7.5.1
2025-05-18 22:05:28,7.5.1
2025-05-18 22:05:50,7.5.1
2025-05-18 22:06:20,7.5.1
2025-05-18 22:45:07,7.5.1
2025-05-18 23:37:50,7.5.1
2025-05-19 00:50:17,7.5.1
2025-05-19 02:51:56,7.5.1
2025-05-19 03:04:17,7.5.1
2025-05-19 03:14:19,7.5.1
2025-05-19 04:11:11,7.5.1
2025-05-19 04:11:30,7.5.1
2025-05-19 04:15:22,7.5.1
2025-05-19 04:45:47,7.5.1
2025-05-19 06:15:02,7.5.1
2025-05-19 06:25:41,7.5.1
2025-05-19 06:26:44,7.5.1
2025-05-19 06:44:20,7.5.1
2025-05-19 06:47:05,7.5.1
2025-05-19 09:31:39,7.5.1
2025-05-19 21:12:42,7.5.1
2025-05-19 21:28:57,7.5.1
2025-05-20 00:14:53,7.5.1
2025-05-20 00:22:59,7.5.1
2025-05-20 02:06:51,7.5.1
2025-05-20 02:15:29,7.5.1
2025-05-20 02:33:09,7.5.1
2025-05-20 02:33:25,7.5.1
2025-05-20 02:33:42,7.5.1
2025-05-20 03:25:50,7.5.1
2025-05-20 05:17:10,7.5.1
2025-05-20 08:33:15,7.5.1
2025-05-21 21:07:04,7.5.1
